mu,E,sigma
720.1634398894367,16.816,4.869908755565298
873.6566599420071,17.751,8.377895635441176
305.2194962489444,5.888,2.8192515193360657
335.6910501897875,5.899,3.10193763250478
