m,b,mErr,bErr
2.006999999999948,0.8680000000003929,inf,inf
