m,b,mErr,bErr
0.42849999999998545,3.7630000000001473,inf,inf
